id,year
3416,1999
18991,2004
11105,1996
18902,2002
18958,2001
8132,2003
4442,2001
5562,2004
16836,2006
3555,2002
1836,1991
5999,2002
6198,1993
17426,2004
13323,2004
7473,2005
9635,2002
6781,1992
2460,2005
3439,1991
9435,2001
11001,1990
11872,1995
18084,2004
14233,1996
7146,2006
4775,1998
5369,1987
6176,1993
7436,1999
19646,1985
9053,1994
4184,2003
12471,1999
14698,2002
7315,2001
14120,1999
4208,1997
4081,1999
11136,1999
2987,1992
19737,1986
5798,1993
8564,2003
14459,1990
12543,1998
17304,1992
11507,1990
5050,2002
3306,1996
15196,2004
13905,1997
10326,1990
16654,1995
16105,1998
12049,1999
2786,1999
7759,1998
14592,2006
13693,2005
11532,2005
8187,1992
1715,2002
1723,1995
11800,2001
5102,2000
11349,1995
18514,2004
2101,2000
9061,1998
16302,2006
12194,2003
4298,2004
13035,1995
12946,2002
5370,1997
7226,1996
4449,2004
15965,1999
812,1989
3071,1999
18910,2003
16360,1993
1776,1994
6134,1997
12694,2002
7327,2005
18694,1999
18051,1996
3718,1997
18600,1995
7976,2001
10430,1997
4385,2004
11698,2000
19617,2004
19927,2004
3642,1993
19053,2004
1578,1990
17202,2004
15508,2003
1504,1981
9520,1998
16542,2004
4704,1985
2104,2006
6414,2002
3415,1996
2453,2007
3538,2003
2726,1996
8996,2000
11821,1995
8466,2002
19722,2000
6864,2005
12664,2001
19154,1998
6015,2004
2394,1992
12328,1993
10996,2004
15952,1994
12252,1994
7309,1998
7641,2001
17101,1992
1405,1995
6224,2005
9300,1997
2538,1997
6679,2003
2107,1997
12056,1999
15814,2001
15354,2002
4997,2002
14460,2000
6818,1995
11501,1999
19972,1985
15469,2004
11863,1988
14973,1999
18089,1993
16367,2003
18461,2001
12188,1991
8234,2004
10730,2000
4830,2005
10361,1994
5039,1996
6836,1986
15753,1995
3699,2001
14767,1991
12192,2000
4100,1999
1619,2001
10221,2002
19257,2005
8630,2001
14510,1998
14963,2002
16126,1996
17390,1987
18254,2005
10532,2002
17820,2004
14023,1997
5833,2004
19422,2004
1630,2001
16179,2003
2283,2003
13096,2002
5805,2005
14928,1995
1246,1996
8760,2000
14543,1995
14636,2002
2427,2003
613,1993
11219,2002
6108,1996
4089,2003
8359,1992
10945,2002
7068,2003
16612,1995
2370,2002
16780,2001
7060,1984
6025,1993
864,1999
17858,2002
9889,1999
9173,1996
17582,1996
1108,1993
18714,2004
15791,1995
1479,2004
18361,2004
14787,1992
9181,1997
8586,1991
19658,1999
4012,2004
12323,2003
4377,1993
13347,1999
18908,2002
14699,2003
11786,2005
4116,1999
16608,1993
0,2002
14367,1990
12282,2003
6005,1995
1933,1984
14803,1996
11720,2006
14932,1994
11767,1997
14758,1995
1521,2003
11487,1994
10181,1998
1682,2001
9271,1992
8294,2001
13138,1993
11458,2002
9844,2004
11153,1991
6663,1995
1419,2002
10589,1987
9355,1999
5287,1985
6163,2005
9376,1995
13276,2002
3269,2001
12618,2001
964,1998
16139,1999
10824,1994
18392,1997
17141,1995
1858,1989
12021,1998
12948,1984
9613,2003
17838,2000
14849,2003
4061,1992
14837,1987
9646,1993
19584,1986
3823,2001
5309,2001
5767,1992
12939,1998
14359,1999
16646,1996
9894,2003
249,2000
3878,1992
15336,2002
10238,1998
11638,2004
1823,1997
19007,1995
7540,2002
15062,2002
6437,2003
10229,2003
19094,2002
5528,2004
18522,1995
12385,2003
11172,1999
4507,1996
4671,2006
10612,2003
7622,2003
1482,2003
1102,1992
6579,2000
13838,1998
15559,2003
14538,1996
16882,1998
13041,1998
8120,2005
9521,1999
5402,2005
8557,1986
17134,1997
17636,1996
4297,1990
17664,1995
9886,2000
7345,2004
5650,1985
7394,2002
9415,2005
16686,2005
7426,1987
8703,1991
1790,1998
19025,1984
17442,2002
19978,1998
10390,1991
1894,2003
14100,1999
8409,1995
7605,1997
6914,1992
10628,1985
3191,2002
8965,2003
15065,1992
9935,1992
7411,1999
2179,1995
9027,1985
19182,1995
13197,1991
3833,1998
8908,2001
14071,1999
8970,1990
11749,2009
10568,2005
1186,1998
17393,2001
6532,2000
14662,2001
14332,2004
12678,1999
17245,1989
4692,2002
16112,2005
3597,1994
19840,2004
13608,2004
10033,1985
2768,1993
840,2001
9943,1993
10605,2000
313,1996
7532,2004
6883,1986
871,1985
2147,2006
19249,1997
3913,2004
11523,2004
13791,2004
7091,2006
17590,2002
16947,2000
182,1998
4713,1994
15404,2000
11694,2002
12688,1986
18847,2004
1544,2003
11394,1993
12118,1987
7449,2001
14232,2007
15852,2005
11099,1983
1226,2006
4697,2004
19304,1995
18441,2001
16114,2000
13985,1998
10012,1988
12917,2002
4641,2002
14300,2002
3587,1994
337,1997
14892,2005
3410,1994
18349,2000
10299,2004
5604,1999
2901,2004
19903,1996
2011,1991
413,1993
8448,1992
3273,2000
6449,2003
5125,1992
712,2001
14440,2003
6944,1997
1470,1998
8159,1993
8091,2003
10312,1995
7324,2004
600,1998
5286,2007
678,1993
13130,1987
8196,1989
17342,1998
12389,1989
18033,2003
19791,2002
1044,1993
1532,1990
15044,1986
16331,1998
10192,1989
9655,2001
4834,1999
11762,2002
7861,2003
9468,2003
14682,2003
19873,1996
10071,1994
19113,2005
12490,2001
1637,1990
8030,2003
4465,2001
3372,1992
18190,1997
2946,1985
14148,2004
10028,2002
1343,2006
2103,2005
11781,1989
6892,2004
8246,2005
14938,1989
7250,2004
11730,1998
8287,2001
8434,1991
13131,1989
8963,1999
15584,2006
14174,2002
2770,1995
10635,1994
4172,1999
16218,2006
1720,1996
8834,1995
17690,2005
6306,2005
18487,1995
10109,2003
18710,1997
7753,2002
3818,1991
2994,2003
17926,2002
16592,1980
4930,1989
17391,1995
552,2007
103,2005
5437,1998
13481,1996
16783,1991
17183,2005
10084,2002
14714,2002
18317,1999
10959,2002
13800,1995
12659,2002
18838,1998
19809,1997
12880,2003
2575,2004
10164,2006
11509,1988
6977,2006
8272,2004
9729,2003
5764,1998
17930,1996
7987,1992
3593,2003
11948,1999
6680,2001
12813,2001
17666,2001
18370,2005
14447,1985
10733,2002
14683,2005
12064,2001
12066,2000
3558,1991
18311,2005
18717,1985
11180,1996
1266,1999
614,2002
7831,1997
9431,1992
14284,1989
12909,2003
11472,2003
3763,2000
8256,2000
13986,2007
18115,1997
15200,1980
17538,1991
6060,1991
7123,2001
10691,1997
12238,1998
302,1980
16072,2002
15542,1998
540,1998
16637,2000
1601,2004
5081,1999
18656,2003
8587,1995
9325,1998
8124,1997
16895,2005
1683,1997
4936,2007
19188,2004
16736,1997
17196,1995
12393,1991
9852,2003
16412,2003
12174,2004
14302,2001
13931,2004
973,1987
422,1999
10039,1996
8146,2005
19029,2003
7014,1998
230,1998
10443,2001
17947,1989
8602,1996
3117,2003
18913,1990
2440,2003
5500,1987
8893,1997
15607,2003
6205,1999
3504,1984
11090,2005
8830,2000
2670,2000
3668,1993
14311,1998
16405,1986
9717,1998
13511,1994
16434,2004
6047,1994
8962,2004
17392,2002
16980,1991
7352,1983
8591,1994
11835,1992
19614,1998
10535,1991
14503,1990
10839,2001
14555,2003
8713,1991
9146,1990
2588,2002
9288,2004
13376,1990
12462,1990
9129,1996
556,1993
8166,1997
19950,2004
15724,1990
6330,2002
18118,2002
12823,2004
8590,2003
7509,1994
3487,1999
8240,1999
2186,1996
6855,1991
5867,2001
10051,1996
12311,2002
10442,2000
6748,1986
15136,1997
845,1997
14560,2000
16663,2004
19760,2004
17341,2002
451,1985
5360,1991
18846,2000
2085,1998
10387,2003
2744,1986
3655,1997
19031,2004
8302,2005
8506,1994
10372,2004
3425,1998
3551,2003
12860,1985
17822,2007
19505,1993
11335,1999
7269,1995
15612,2003
10987,1989
176,1980
47,1995
10638,2000
17302,2004
5207,1995
3422,2004
7561,1998
3332,1999
7462,2002
19693,2006
1018,2000
5881,1997
8750,1992
3042,2002
13789,2001
11334,1999
10008,2005
3061,2000
17153,2003
15159,2002
9069,1988
1079,1999
19098,2001
3387,1989
15177,1997
18325,1999
14048,2004
18181,2001
19907,1997
7979,1998
503,2005
16210,1991
15647,2000
100,1995
6641,2003
4597,2001
3344,2004
1357,1997
9188,2002
6984,2002
5813,1999
3434,1995
15199,1989
7900,1999
11928,2001
17020,1997
2387,1997
12626,1993
5396,1991
10182,2000
7736,1998
16514,2005
10335,1997
7587,1998
11721,2006
1487,1995
19269,1998
13844,1997
2023,1993
15019,2003
5907,1994
12386,2003
18374,1996
7332,2002
10688,2004
11853,1993
4666,1993
10245,2001
6759,1992
2616,2004
4772,2004
11514,2001
4526,2004
905,2002
6658,2002
11026,1985
7936,1999
14961,1995
8959,2004
14312,2000
10735,1999
10491,1997
14842,2003
11538,2006
12430,1999
5857,2002
5777,1991
14087,1998
3976,2003
19064,2000
3836,2000
8501,1997
9115,2005
18133,1997
9016,2002
3901,2004
19076,2004
11223,1987
16749,2003
2289,1991
17593,2000
887,2001
17671,1985
10772,2005
4361,1997
6142,1988
15001,1996
14381,2004
12762,1989
11389,1994
4085,2002
3297,1985
15025,2001
9634,2000
16571,2003
16293,2000
17412,2004
14815,2003
16251,1990
10610,2001
9232,1997
19668,2000
3531,1994
9695,1988
17162,2001
10155,2006
18335,1998
140,1994
19095,2001
4730,1992
11137,2005
5483,2003
8694,1997
19216,1998
3882,2002
19121,2004
9529,2004
16842,2002
6136,2001
14739,1993
18014,1992
2669,2001
4754,2000
13319,2003
465,2002
12141,2002
7751,1988
10634,1997
15804,1995
9768,1999
2526,2001
19503,2004
12191,1999
4289,1995
12535,1995
6712,2004
3206,2003
10847,2000
19581,1991
16698,1989
5852,2004
2838,1998
9671,2005
18947,1989
17610,1996
8235,2003
4252,2003
11993,2000
18022,2005
3900,2003
10374,2003
4318,2003
9466,2001
5254,1984
14053,1987
16563,2000
10613,2003
5047,2004
6798,1986
18400,2007
18738,1978
5692,2002
12329,2003
15250,2002
6290,1997
2882,2005
12434,1997
19596,2002
11368,2002
10018,2005
12890,1990
17542,1986
6327,2005
1837,2004
18651,1999
4770,2001
2419,1997
12363,2003
7791,2000
4677,2001
11602,2002
2439,2002
14201,1994
12725,1995
9711,1999
4005,2004
3898,2005
16241,1999
15763,2005
16277,2003
17006,1992
10890,2000
3561,1980
5206,2002
11976,1997
19439,2004
2870,1997
11820,1996
8705,1999
7219,2004
10449,1998
6701,1989
12179,1996
9240,1996
6475,1996
12410,2004
16282,2005
7362,2002
1887,1989
8279,1997
10334,2001
19014,1987
8381,1994
11455,1990
15978,1989
9532,1987
10059,1993
12822,1986
10541,2000
18230,1998
4312,1997
11708,2003
1407,2001
2276,2005
16292,1995
14865,2006
5575,2002
13957,1986
14413,1997
2997,2001
18232,1990
1088,1992
15431,2001
8896,2006
14840,2006
14453,2004
7303,2005
1458,2003
700,2000
15830,1996
18644,2003
19232,1999
11421,2006
9025,2001
1232,1992
1104,2005
12473,2000
11186,2002
2562,1997
4783,1991
3006,1990
10749,1990
11275,2000
7021,2005
11912,1995
17960,1999
15128,1995
8143,1993
15825,2004
17316,2001
1978,1991
1554,1996
15801,2004
16618,2003
7793,2005
4999,1987
17111,2006
11286,2004
110,2002
118,1991
19930,1994
12968,2005
17254,1996
3712,1987
7929,2000
539,2003
9555,1999
13094,2002
204,1999
1460,2002
1863,2006
11992,1991
17865,1996
6485,1992
6321,1996
296,2003
6620,1988
5861,1991
4774,2004
8766,2001
9567,1996
10728,1999
11331,1987
9841,1998
10244,2001
10094,2003
12759,1996
13196,2001
13993,1998
10928,2002
4415,1994
8446,1996
2765,1999
4351,1998
1918,2002
10356,2000
6796,1993
11300,1998
15896,1987
10620,2004
11957,2001
19593,1995
9297,1985
14885,2002
13259,1998
19914,2003
11075,2002
4314,2005
13016,2000
9678,2004
7115,2000
395,1987
2467,1994
5985,1988
12308,2003
4259,1995
14106,1996
11779,1997
4558,2004
15406,2002
5847,2000
8171,2001
8118,2003
10268,1997
9882,1989
2952,2002
7945,2004
14123,1995
8036,1993
8507,1991
954,1998
16844,1999
6782,1994
10122,1995
4393,2001
2124,1999
16129,1992
3991,2004
14278,1997
244,1987
5454,2003
19072,1990
4618,2004
9752,1996
1919,1992
9372,2001
2767,2005
3859,2004
1580,1989
6841,1992
10701,1999
6742,2004
3540,2003
5323,1992
19582,1998
3667,1989
16955,1986
11502,1992
11901,2001
9067,1991
9663,2004
14253,2003
11204,2004
9057,1996
3049,2004
17661,2001
4571,2004
7383,2002
14794,2001
1485,1993
10337,2005
12512,2003
15120,1991
5356,2001
18519,2001
13616,1992
3868,1989
6895,2002
3022,2005
17051,1995
15876,2003
18391,1991
7848,2005
13846,2000
13410,2001
1306,2002
16570,2006
7835,2000
4212,2003
17737,2002
10515,1998
6480,2002
19813,1998
6660,2000
15255,1989
13713,1986
19828,1988
19703,2004
14107,2001
6420,1997
11656,2004
7072,1987
9114,2002
7213,1995
5874,2003
2051,1989
13223,1996
4216,1984
4008,2003
1133,1983
18961,1999
13142,1992
796,1984
16014,1998
10536,1993
9913,1991
14819,1997
14081,2001
17977,2003
3278,1998
8062,1996
7846,1993
10825,2003
2413,2005
518,1994
10738,2000
10212,1988
958,2003
14396,2001
487,1999
3168,2003
5198,1996
295,2002
12128,2000
17601,1993
7205,1988
9562,1994
372,1982
13503,2004
1469,1995
10467,1996
17596,2004
3949,2005
1418,2005
10123,2006
4833,2000
10227,2005
4467,2006
3463,1998
12459,2004
9926,2003
16381,2002
17409,2001
18693,2005
16883,1997
3114,2004
6905,1994
993,2008
17750,1997
17470,1994
12963,1985
9436,2002
5472,1996
8254,1997
10375,1987
5583,2002
3347,1993
8509,1997
13011,2002
8270,2003
16424,1997
13398,1998
1090,2005
6654,1999
7252,2002
14237,2002
10553,2001
1608,1993
17095,2001
14265,2003
2566,1996
5361,2005
11254,2001
11728,2000
5898,2000
6820,2004
14149,1997
6931,1997
3131,2006
5249,1988
14843,1994
7938,2002
19057,1997
1944,2001
15835,2004
6235,1999
18979,2006
6284,1998
4155,2001
9528,1997
5146,1995
11844,2002
5990,2000
2191,2001
11566,2001
7711,1996
8861,2003
4592,1993
575,1998
1759,1998
5161,2003
9662,1996
13692,1999
1255,1991
11510,1996
5204,2003
10697,2003
13759,1992
5221,1993
3508,1999
10397,2005
7771,1993
13918,2001
8339,2005
8521,2005
3094,1998
18584,1999
14937,2004
14429,2002
8882,1996
6611,2005
11753,1996
17937,2004
16775,1997
13154,1993
9942,1986
16714,1994
13821,2004
19748,1998
3173,1995
9627,1987
7389,2002
18451,1996
11954,2003
7863,1983
12219,1981
9221,1991
17238,2000
18596,1993
11834,2001
19313,1992
5728,1998
14112,1991
5752,2004
12671,2004
7193,1996
6563,2001
5654,1985
5236,1985
8957,2005
15176,1991
5131,2001
17672,2002
6688,1995
13960,2001
6546,2001
19649,1993
7776,1999
2001,2003
19041,1996
19613,1989
5126,1986
1939,2001
5585,2000
10330,2000
11173,2003
10289,2000
16291,1998
3651,1991
2185,1998
9605,1998
19363,2001
28,2005
10897,1990
7947,2002
17762,2003
4234,2001
7994,2001
1131,2000
13332,1998
15359,2003
11216,2001
10500,1996
9734,2001
18221,1999
4636,1999
369,2006
6797,2000
4307,1982
9763,1999
16716,2001
8337,1996
8261,2000
15395,1991
4027,1997
8842,1992
10527,2007
3490,2001
1761,2004
18578,2002
5556,2000
9245,1999
8032,1989
1626,2000
14193,2003
4024,1989
15169,2006
670,2006
13317,1998
2516,2002
18903,2003
4358,2000
12647,2005
8271,2008
4708,2003
563,2005
12397,2002
9338,1985
1742,2004
10941,1995
10879,2003
3607,1999
9884,1998
5179,2004
16738,1994
3626,1992
19063,1990
4586,2003
1733,2002
543,1990
688,2004
18848,2002
17204,2003
2065,2002
11139,1995
2630,2004
5740,2002
15017,2001
6976,2002
4964,1990
17811,2000
6952,2000
6347,2000
822,1987
16048,1981
7519,1992
7481,2006
5784,2000
6240,2003
19134,2006
17725,1995
18449,2001
3530,2005
13876,1999
10435,1999
11392,1990
7811,1995
5525,1990
15342,2002
15420,1998
9676,1997
12969,1994
11174,1999
12675,1994
620,1996
18592,2001
989,2002
13563,2001
11966,2002
15388,2003
15618,2005
12295,1997
15975,2003
7467,2005
1728,2001
6906,1994
2893,1992
3390,1999
17441,1998
926,1998
409,1987
9501,2005
2693,1967
890,1990
6260,1996
5980,1992
1906,2005
981,2001
6141,1997
16309,1991
19753,2004
6217,2002
212,2004
4181,2002
4718,1991
10382,1996
9746,2002
10925,2000
5486,2004
10499,2008
2858,2000
2,2000
15104,1991
13716,2002
14964,1981
9440,1996
8488,2000
16822,1997
7676,2000
19953,1996
10756,1999
14845,1997
16369,2004
19557,2003
15844,2004
248,1994
6550,2003
5466,2004
3087,2004
7550,1986
16996,2000
18815,2001
15856,2004
11163,2001
11825,1999
19996,1997
6059,2002
17383,2005
4209,1995
2847,2005
37,1995
9995,2000
10764,2000
3783,1991
6082,1996
9524,2001
12429,1987
2722,1999
3580,1986
11839,1997
7424,1986
18383,1995
6366,2003
2206,1998
13429,1999
5134,1991
11072,1978
18258,2006
13617,2004
4149,2003
2878,1989
4873,1998
15785,1997
11474,1997
19164,1998
15799,2000
13652,2002
7498,2002
15874,1990
11318,1994
7001,1991
3066,1997
2512,1995
9982,2007
3129,1998
8455,1984
2894,1992
11640,2001
15430,1992
5571,1999
18061,2005
18845,2006
9008,1991
19345,2000
8764,2000
510,1997
9716,1996
6282,2006
7705,2002
4602,2005
10309,1998
12034,2003
10287,2003
4588,1994
9105,2002
9790,1997
3427,2000
15901,2000
15189,2006
5751,2002
4761,2002
935,2000
18900,1999
4339,1999
4705,2000
18017,1996
2392,2002
10965,2001
13467,1995
12980,2004
8470,1986
12800,1991
16562,2004
11319,2001
8878,1998
15424,2005
4975,1997
3757,1987
15619,2002
3775,2002
9500,2001
1661,2001
902,2004
17726,1989
18067,1999
14807,1997
806,2004
14716,1998
19327,1992
14238,1999
17353,2001
14469,2002
2884,2001
6140,1988
1739,1994
13422,2004
8714,2003
4900,1986
7373,2000
4215,1994
16348,2002
9602,1997
137,2001
3436,1998
19306,1998
655,1985
5277,2003
12582,2006
2164,1996
8065,2001
14094,1998
725,1999
9044,1998
19754,2001
5006,1999
382,1989
17192,2002
17303,2002
6915,2000
8508,2001
15369,1990
8432,1994
11920,1999
8863,2002
1808,2003
9225,1988
10856,1997
11027,2003
17849,1993
1387,1999
17757,2001
15462,2003
1139,1998
6826,1999
17186,1999
9289,1986
5812,1999
10765,2000
18257,2002
9737,1998
11584,2001
2650,2001
19215,2001
7730,1994
2043,2006
11748,1989
6516,2005
17434,2002
7161,1990
3308,1993
3522,1987
14177,2003
13710,1999
16307,1992
5306,2001
7769,2000
1609,1988
10308,2000
14179,1995
2159,2001
6496,2003
14833,1993
1026,2003
1009,1992
14228,2001
18269,1999
17073,1990
130,1992
12302,2003
6226,1998
714,2000
12851,1998
14224,2002
1819,1984
10200,2000
13805,2002
11316,2004
6426,2004
13660,1992
1529,1995
14977,1996
6593,1998
15043,1995
16630,1996
2243,2000
19504,1986
14186,1999
2975,2006
17922,2001
6036,2001
14813,1993
10817,2004
19472,1987
8028,2001
18781,1998
15094,2004
661,1991
740,1995
14203,1991
5084,1995
11743,1996
4345,1998
8953,1995
18896,2003
16757,1997
8418,1995
1746,2002
3609,1991
18005,2001
10986,2000
12161,1998
7518,1987
749,1989
744,1998
12098,1998
13013,1986
11505,2002
6173,2004
625,2004
5295,2005
18813,1995
6154,1998
2590,1989
13093,2001
13124,1999
11841,1997
1271,1995
5824,1992
11482,1996
9010,1992
14171,1996
11917,2003
18799,2001
18692,1997
6542,1991
14927,1992
179,2001
8839,2003
18362,1992
13161,1999
5405,1997
17069,1992
13360,1978
14773,1994
16010,1996
9147,1997
2565,1995
7646,1996
10096,2002
14769,1996
15073,2002
16017,1990
19585,1996
12135,2005
7407,2001
9037,2003
11171,2006
17551,1995
18092,2002
11338,2000
19118,2000
16857,1989
12261,1993
2573,1997
11304,1992
15567,1980
15409,2000
17606,2000
15310,2003
13262,2002
11535,2004
12245,2006
13577,1996
10993,2001
19856,2005
8195,1987
169,2003
820,2002
13560,1988
4422,2001
12767,2000
952,2003
18504,2003
2781,2004
15626,2000
6354,1999
5053,2002
9709,2004
854,2006
8592,2002
1390,1998
3156,1991
10805,1996
9545,1996
42,1993
2221,2000
2618,1994
14553,1990
1435,2005
4928,2003
8155,2000
5906,1989
2585,1993
6312,2001
10627,1997
12059,2006
13491,2003
12710,1995
12199,1990
3842,1997
10322,1998
12030,1986
13441,2001
4986,2000
11573,1991
11359,2003
6497,2000
8228,2001
6893,1999
15706,2002
17946,2000
9179,1990
14691,2001
16515,1996
4516,1994
6174,1996
5839,2003
1455,1985
6806,1993
15083,2004
15437,2004
15292,2002
10436,1999
4476,1990
17571,2001
4445,1991
2741,2002
74,2000
7555,2003
8309,2002
10064,2002
18057,2002
17233,2005
12646,1995
9277,2005
19558,1992
4389,2003
8441,1994
14435,2000
1157,2000
5313,1997
7484,1998
900,1990
5138,1993
13402,1999
2536,1992
3045,2004
11268,2003
7174,2000
9492,1992
10571,2004
4487,1988
2523,2008
1403,2002
18665,2005
16449,1991
4630,2000
16439,1999
8043,2006
12889,1988
8011,2003
5938,2005
6103,2005
5386,2002
17060,2004
5211,2003
14917,1994
8915,1988
2327,1990
14343,1989
3193,2001
9733,1985
16229,1996
14705,2003
11164,1987
2115,2001
11403,1995
12476,1992
5481,2002
3150,2001
6204,2003
4392,2001
1627,1991
6301,1997
6632,1991
5986,1999
12768,1996
19882,2004
18865,2004
4384,2000
15290,1994
17191,2003
19209,2003
10763,2003
13722,2004
8281,1997
11095,2002
15624,2002
19660,2000
11229,2003
11400,1989
12554,1998
19198,1998
7098,1995
2658,2004
8112,1995
3844,1994
4982,1998
11628,2006
3981,1998
3773,2005
18339,1993
15709,2004
5109,1999
17332,1992
11034,2003
957,1995
12333,1996
18346,1999
4413,1995
11160,2000
11927,1996
690,2000
12376,2003
17675,2000
4268,1998
3429,1995
207,2002
8876,2000
8211,2001
15985,2005
13279,2000
10827,2001
9957,2007
12033,1992
3737,1996
2142,2003
7768,1988
2188,1990
19644,1983
8850,2002
8122,2003
10770,1998
18972,2000
13991,1992
13848,1999
3335,2003
2398,2001
9049,1992
9047,2000
6912,2000
13390,1995
7261,2003
15304,2001
17283,2004
19469,2004
18805,1991
5218,1999
12335,1992
16431,2004
11237,2001
17835,1997
17824,2005
13421,1994
18948,2002
16106,1993
14118,1997
6689,2001
16750,2002
8230,1998
11899,1994
19899,2005
15213,1994
8811,1996
9409,2003
13384,1991
11285,2008
6966,1998
10400,2000
10751,1989
7350,1993
8640,2003
13542,1987
11866,1999
12573,2002
11030,1998
19321,2003
5818,1999
9462,1988
4987,2006
10495,1998
4295,1997
5670,1994
15206,2001
15254,1997
17782,1996
15949,2002
9269,2004
15540,1981
17798,2006
15536,1999
7660,1996
19942,1997
16760,1995
10175,1996
11420,1990
7273,2002
3548,1993
7230,1995
15863,1991
8064,2005
10828,1997
8806,2000
4565,1997
13643,2001
813,1988
14926,1990
6328,1985
14765,1993
7019,2002
16806,2002
12015,2003
11326,1987
3714,1988
15156,1992
9,2006
12537,2006
3497,2006
18682,1998
12985,1996
18177,1999
1655,1994
10069,1997
5994,1990
19328,1996
16319,2006
3413,2005
15882,1999
17717,1993
17882,2003
7372,2004
2229,1990
2652,1989
2887,1992
4515,2000
11098,1998
13119,1991
8358,1981
6578,2003
2288,1987
19738,1996
19454,1995
18924,1997
12048,1999
9283,2001
7539,2002
10950,1992
6602,2001
12615,1994
17827,2001
8101,2001
16436,2004
16835,2005
3810,1995
2807,1998
18560,2003
2513,2000
779,2002
16999,1995
6752,1998
15375,2006
13995,2005
4414,2000
12838,2001
86,1997
19981,1989
14274,1997
2797,1994
5426,2002
4304,2007
5572,1993
3172,1994
15859,2002
399,1997
7027,1995
1645,1993
4286,1997
11783,1998
10420,1994
13828,2002
5349,1992
12275,1996
7237,2001
6263,1998
14945,1987
17850,2000
19446,1996
14415,1989
5523,2001
4518,1991
5524,2002
11118,1991
7735,2006
14944,1999
12491,1989
19795,2002
4197,2000
14409,1997
9809,2002
10339,2001
2254,2001
10452,2004
3111,1994
6954,2001
17413,2000
7366,2002
13494,2000
17602,1994
12469,1997
14994,2001
10,2005
10320,1996
15895,1996
6753,1988
4739,2003
391,1995
14824,1999
8698,1996
4020,1992
2739,1990
13826,1996
15637,2003
19459,2002
7760,1998
13967,1999
10178,1991
15384,1998
4925,2001
6265,2002
9616,1997
5908,2001
411,2002
19205,2006
12501,2002
8485,1999
6681,1996
6326,1999
9096,2001
13352,2004
19208,2006
12436,1998
10514,2004
6825,1999
1898,2002
14013,2004
5613,2003
6022,1999
13682,1993
15463,2006
13811,1999
3560,2003
12370,2004
7698,2004
9610,2003
3931,2004
14387,2001
15983,1994
1667,1989
17761,2004
7986,1998
13003,2003
3987,1993
2529,2004
3553,1994
3350,1994
6566,2001
15739,2002
8527,2005
1587,2001
7432,2003
616,1997
16482,2002
3826,2000
15671,2002
17961,1998
19045,2004
2034,2003
7671,1993
735,2006
12304,1991
13813,1998
1583,2003
521,1988
15710,1995
13717,2000
15181,1988
10088,2000
14061,2003
9775,2005
899,2003
13448,1992
10410,2001
1039,1990
11553,1997
15918,1992
10533,2001
4285,1997
14796,2005
10146,2004
10016,2000
17265,2001
15964,2002
13175,1986
2469,1998
10572,1991
6547,1988
2646,2003
3203,1984
1747,1991
2603,1993
5756,2005
16202,2004
4251,1993
2463,2001
16330,2000
16587,1998
14564,1987
5763,2005
15249,1996
3237,2005
18086,2001
13351,1996
9587,2004
3529,1998
11426,2005
12189,2000
11477,1992
16201,1992
12255,1996
11323,2001
13915,1997
536,2003
4488,2000
14559,2005
7792,2004
5819,2002
2623,1999
2360,2005
8421,2001
10998,2001
8384,2007
12027,2003
15239,1993
3612,1994
1526,1991
19480,2002
17996,1998
16364,2001
13061,1999
12488,2004
6358,1994
10473,2003
13830,1989
3052,1994
13504,1985
1968,1991
16680,2001
18530,1997
12513,2002
17846,2002
1524,2001
17556,1998
11295,1994
9177,2003
2015,2003
2218,1999
11943,1996
4247,2003
13246,1995
8005,2002
14254,1997
4354,2006
10324,2003
3484,1999
3622,1986
10793,2003
13873,1994
1280,1993
16810,2001
14527,2008
3148,1995
10806,2006
16966,2000
16278,2002
18044,2003
4980,1989
5759,1988
9070,2004
19571,2005
1352,2004
7829,2003
921,1984
5606,1992
14552,2001
18555,2003
11945,2002
11112,2001
7510,1996
13378,1991
18031,1997
1569,2003
11168,2005
7964,2000
5354,1986
4509,2004
11260,2005
9454,2007
9937,2001
11991,2005
5761,1992
8693,2000
16406,2004
14487,1992
13863,2001
2681,2004
18770,1995
12732,1991
15673,2003
7584,1988
9835,2004
856,1996
13779,1989
10263,2004
16601,2004
3082,1997
4067,2000
19471,2003
17709,1998
13453,1991
895,2000
3750,2000
7868,2003
4316,1996
12522,2005
17235,2003
14499,1987
15027,1991
2572,1999
7434,1985
11534,2006
13667,2000
12273,2006
6604,2001
18936,2004
3451,1996
7674,2004
12400,2002
3852,1999
19733,2000
5171,2006
17028,2005
2520,2004
11903,1985
12924,2001
14422,2000
10968,2003
11463,1991
18435,1995
3198,2002
8399,2000
17892,2001
16671,1996
2604,1995
603,1999
8519,1997
438,1998
1695,2002
9697,2003
4326,1986
19514,2001
3190,2002
14480,2000
8661,2001
6941,1995
9361,1993
12359,2004
4054,1990
4619,1990
18016,1991
19035,1989
18192,1991
7577,2002
19341,1997
2828,2003
4185,2002
17851,1994
17501,1992
710,1992
8782,2002
14328,1996
11119,1998
1415,1999
9171,2003
2447,2004
5922,2004
2725,2008
19357,2005
9592,2004
17197,2001
9866,2005
18954,1997
11201,1996
16346,2003
7923,2005
5793,2003
4359,2001
18776,2004
15408,1993
13972,1985
2033,2002
17105,1995
12680,1985
1545,2000
15649,2000
3222,2000
6017,2003
18870,1998
18825,2003
17979,2006
7464,1999
8841,1995
14380,2001
10520,1998
780,1987
19226,1993
4831,1998
1566,1993
4658,1989
13673,1996
2098,2000
4043,2003
7538,2003
12362,1995
3771,2000
16155,2005
11177,1996
5721,1999
10424,2003
16107,1996
17632,1995
18761,2002
19979,2005
16252,1984
818,1999
16816,1996
14286,2003
13845,1995
5545,2000
13231,1996
491,2000
2816,1986
17581,1990
19829,2002
2408,2001
7904,2001
18595,1996
10273,2005
5415,1991
159,1997
16625,2005
12022,2001
2244,1993
12222,2006
12713,2002
594,1986
11989,1992
8969,1991
9000,2002
13835,2000
9688,1988
18671,1992
3547,1991
12325,2004
9339,2004
8096,2000
10753,2005
14625,1994
13798,2005
501,2001
745,2004
18074,2002
4712,2003
10019,2003
15498,2005
10576,2001
14706,2002
14321,2001
18414,2003
10681,1988
4642,1992
9751,1992
10766,1992
16095,1996
10416,1990
691,2001
14083,1993
15078,2001
18754,2001
4129,2003
11805,1994
2800,2003
18004,1996
17120,2001
13704,1997
5828,2003
835,1990
3664,1997
16463,2004
17102,1985
1961,1997
8819,2001
13901,2004
5651,1998
355,1995
5905,2000
17670,2000
11411,2005
1398,2003
5581,1997
19676,1996
5726,1989
3354,1993
7045,2003
13233,2000
2049,1997
6488,1988
8386,2001
19752,1999
7783,2006
14839,2004
134,1985
8170,1999
11950,2002
18687,1990
14246,2000
15121,2000
3932,2004
19149,2001
16297,1993
3861,2003
3999,2004
3571,2004
4151,2004
15058,2001
17777,2004
4512,1997
3679,2002
19870,1996
8656,1998
1242,2001
8108,2002
2266,1999
7571,1999
13601,1982
13982,2002
2488,1997
18320,1983
9738,1985
7814,1991
12845,2004
8898,1983
19461,2001
3690,1993
5443,1989
7020,1997
14667,2000
12716,2003
11882,2003
2732,1999
1381,2008
7300,1999
1236,2000
7102,1997
6522,2000
5996,2002
8493,1991
15947,1999
2789,2004
476,2001
4765,2001
19412,2004
9600,2003
13316,1991
11801,2004
676,1987
6410,1996
5802,2001
5858,2003
17246,2001
12442,2005
7808,2000
5591,2005
6381,1997
4680,1990
18739,2006
3702,2002
4283,1997
8729,1997
8761,1995
6535,2003
3482,1999
12312,2004
3955,2005
13597,1997
19838,2002
2559,1999
477,1996
5897,1999
15376,1992
14857,2006
4648,2004
14051,1984
5823,1991
8790,1999
16770,1996
11292,2003
14255,1998
2213,1999
9031,1985
15110,1992
13644,2004
19615,2003
14511,1997
16487,1995
19465,2003
5917,1999
4144,1988
8797,2002
9005,2003
1077,1994
6986,1990
10218,1996
12516,1995
15892,2001
11670,2001
6466,2005
5947,2001
2836,1997
9086,1992
1779,2002
7537,1988
9846,1996
9840,2007
10955,1992
5566,1998
13765,1992
14948,2002
5584,1998
6768,2001
1807,1998
9411,2004
2749,2003
8548,2004
7885,1990
14124,2006
7993,2002
6671,1994
18500,2000
12023,1996
1229,1986
10351,1988
5625,1998
11880,1991
10486,1983
8739,2000
13460,2007
19289,1998
3724,1990
13151,1999
12305,1994
9580,1994
8426,2003
1076,1989
4041,1981
16208,1989
8540,2001
14756,2003
6493,1995
13505,2007
10421,2004
5449,1985
9459,2006
16744,1996
14752,2006
18729,1993
2917,1980
18579,1992
7202,2005
9219,1998
6859,2001
13971,2002
14109,1999
9019,2000
10680,1994
609,1984
10479,2001
6634,2003
4341,1995
9640,1997
16136,2002
14608,2000
10960,2003
17352,2005
7259,2004
4906,1998
8200,2003
18280,1998
15810,2004
8010,1997
17492,2002
3055,1996
4826,1998
7183,2000
15506,1989
793,2005
8542,1999
13606,1982
11415,2004
18021,2001
9910,2004
4998,1997
18328,2006
1070,2004
13239,1996
5434,2001
19410,2008
10000,2005
14871,1993
2429,2005
1015,2000
10031,2002
17652,2003
12802,1988
16353,1998
13134,1999
13122,1984
8251,2002
171,1994
4328,2000
11288,2001
1603,1996
15641,1994
7716,1998
3330,2001
6988,1999
1623,1997
19633,1997
16192,2002
13207,2003
11757,1995
2551,1990
838,1997
13025,1992
13579,1982
1374,2000
1434,2002
16884,2002
18542,1995
9550,2002
12293,2006
18527,1983
4031,1997
5736,1998
16121,1992
2502,1994
15668,2003
12032,1997
9991,1994
3395,2002
11424,1991
3665,2002
1411,1988
891,2004
13442,1989
14801,2006
14651,2003
8672,2001
18193,1996
15345,1991
19583,1998
15328,1999
1331,2005
9815,2004
3125,1991
1430,2002
15916,2003
8634,2002
13220,1989
13464,1995
18119,1996
4308,1998
13703,1999
1038,1988
18942,2007
7348,2003
3613,1994
15028,2004
18632,2005
19390,1993
15450,2006
3000,1981
3447,1998
9220,2003
80,1990
19916,2005
12640,2004
13591,2003
16915,2002
7114,2004
11429,1985
16165,2001
1031,2005
12634,2005
6803,1986
6046,1992
14949,1994
15059,1997
11013,1983
16007,2003
16687,1999
18575,2004
1120,2001
2926,1986
3318,2002
5869,2003
8918,1998
15601,1980
2435,2004
3383,1998
12684,1994
10203,1998
13970,1997
19605,2004
11712,2001
5334,1993
7229,2003
527,2000
4188,1992
13241,2000
14273,1990
17165,2002
18613,1994
18563,2003
10524,2005
3617,1999
7743,1996
8401,1990
6572,1989
17402,2005
12472,1988
6823,1989
16535,1999
12065,2002
8948,2005
4379,1991
2056,2004
1223,2001
419,2001
19984,1992
16502,1998
18207,1995
19932,1995
9873,1982
19604,2002
7647,1991
18971,2001
8663,1995
8895,2002
365,2003
17214,1996
6101,2000
16821,1994
18719,2004
14671,2002
13455,1994
6170,1999
16858,1992
15259,2001
11572,2003
10734,1999
14466,1998
14304,1998
19282,2005
6135,1998
19765,1996
15746,2006
9017,1996
7960,2008
19099,2003
7380,2009
18412,1995
14402,1993
13027,1987
16430,1993
6304,1994
16644,1999
14489,1995
15820,1993
17797,2004
367,2002
329,1995
8514,2003
8648,1998
17575,1992
694,2001
19479,2002
17712,1997
506,2003
10292,1995
6851,1997
7827,2001
11664,2000
17614,2005
14351,1992
1555,1999
8728,1989
10946,2002
7541,2002
18747,1993
19680,2000
17024,1992
13420,1996
19859,1994
5011,2003
19520,1997
12454,2003
18453,1998
9960,1997
18407,1986
6267,2004
14319,2005
2644,2000
13348,1992
11627,2001
5997,2001
4737,2008
2915,2001
3825,1998
16233,1995
801,2005
12368,2000
1914,1999
4182,2006
9542,2002
12681,1984
9741,2004
5262,2001
1172,2004
18588,1993
8682,2000
12315,2001
8818,2004
19108,2002
507,2001
7686,2005
3035,2006
9465,2006
18093,1991
830,1993
19621,1999
3891,1999
7773,2003
5274,1999
381,2002
9076,1994
17758,2001
5663,1994
19709,2002
13475,1996
9860,1989
18837,1999
19820,1996
1080,1994
15412,2000
8175,2004
7151,2002
2364,2002
15639,1998
1592,2000
12952,2004
9795,2003
18286,1998
472,1999
11485,2001
13733,2004
12654,1992
19168,1993
14127,1988
4901,2003
16494,1996
10875,2004
9561,2001
8723,2003
12690,1998
1534,2002
12464,1997
7181,2004
11227,2000
14085,2001
18111,1992
7063,1992
13155,2002
3454,2004
11047,2000
18112,2005
7967,1998
1376,2007
15662,2004
15527,2005
3279,2003
8556,2007
16908,2000
2050,2001
13179,1997
7614,2003
16008,1991
9125,2000
12637,2001
13285,2001
19351,2004
4086,1999
2969,2002
15988,2002
3855,1999
11199,2006
5712,2003
3915,1996
18174,1999
13407,1999
13430,1997
14182,1998
1713,2005
2972,1999
7565,1999
49,1995
8719,1992
16120,1990
17780,2004
8932,2006
7192,1997
7168,2002
741,2005
4899,2001
6951,1996
1792,1986
940,1994
14781,2004
4923,1990
17433,1996
1597,2002
18326,1997
8249,1984
5089,1996
15265,2001
18850,1989
15644,1996
6707,2003
3808,2003
16855,2001
4104,1996
1261,1987
9802,1999
10700,1985
16269,2003
96,1994
8219,1991
3127,1994
18448,1998
7158,1998
15733,2005
9119,1993
2620,2000
3881,1990
17142,1987
11766,2004
19825,1991
16841,1999
631,2002
991,1996
18239,2003
6093,2001
3080,1993
12596,2000
3120,2006
12258,2001
9002,2005
3424,1999
8310,1997
4135,1997
19525,2006
8897,2005
5431,1999
18359,2005
18630,1998
11122,1992
12882,2001
3559,2002
19066,2004
10100,2003
2642,2002
11563,1999
3492,2005
18009,1996
17457,1996
6181,1990
14799,1999
35,1995
12210,2004
14576,1994
4522,2001
7199,2002
9494,1988
8833,2002
18149,2002
15440,1978
17125,2004
14377,1998
6628,1992
15080,1994
11860,1997
10457,2003
19509,1998
13117,2000
14032,2005
13007,1994
11131,1997
6740,1997
14117,2003
4723,1995
12724,1993
12414,1996
16374,2001
2128,2000
14631,2004
18095,1996
8575,1998
14935,2003
7264,1997
1674,1977
17667,2005
8681,2001
2672,2006
16280,2003
356,1988
15146,1999
6514,2004
19367,2006
9425,2006
10136,2001
12394,2006
16177,2003
8411,2004
1490,2000
13933,2000
14055,1997
12727,2004
7297,2002
18105,1994
11806,2000
14976,2002
6575,1998
12201,2001
8407,2002
269,2007
8017,1993
4838,2001
3086,1996
1923,2003
14776,2005
9332,2002
16054,2002
880,1991
175,2005
15291,2002
12507,1991
5804,1997
1797,1998
9012,2002
16196,2004
2596,1996
1269,1992
11547,1998
13978,2002
18835,2004
9404,1986
10637,1999
19137,1999
13026,1994
4927,2001
6686,1999
19857,2003
9158,1988
7586,2002
2937,1999
12377,2000
17719,2005
14024,1992
14200,1996
16518,2000
16002,2001
10557,2001
19404,1994
3729,2003
4035,2002
13968,2002
6095,1995
4271,2004
8700,2004
4375,1997
7398,1983
10565,1991
3458,2003
12821,2004
5417,1998
3565,1995
9290,2000
17384,1991
13581,1994
11653,2003
15131,2003
13042,1998
4165,1993
3569,2005
11126,1991
2940,2002
18889,2006
12263,2004
14709,2003
3106,1992
1633,2006
19263,2004
17027,2003
15081,2001
7984,2002
13232,1992
6567,2006
766,2006
18281,1990
18967,1986
15148,1995
19627,1994
9071,1993
16931,1992
4844,2003
14433,1986
13596,2005
6854,1993
14846,1995
8733,1997
14778,1997
12010,2001
14479,1985
9312,1997
14481,2003
1155,2002
1970,2006
14322,2001
3077,1990
4683,1980
15216,1989
2217,2000
9166,1996
8151,1990
7149,1985
9735,1995
5816,2005
10046,2004
6448,2003
15546,1995
1903,2002
11850,1991
13906,1992
17055,2002
8650,2005
9270,1986
12546,1998
13045,1989
3910,2004
10127,1975
14974,1987
17243,2003
12693,1997
15454,2002
2563,2002
12820,2000
3159,2003
19631,1980
3356,2003
226,2004
1100,1998
9975,2002
8812,2000
19172,1996
3353,2001
1215,1992
2577,1998
10519,2002
10903,1994
17969,2001
10437,1995
16852,1990
3970,1994
10871,2000
1897,1992
10159,1999
2347,2006
9294,1997
7358,1997
16565,1998
6866,1995
9350,1988
10295,1996
17595,2002
10767,1993
12894,1983
6839,2004
4645,2004
5173,1988
10900,2001
10526,1997
15425,1998
534,1999
376,1995
18198,1990
9788,2001
595,2001
8410,1999
14495,2003
2417,2005
7442,2002
12011,1998
2719,1998
4400,1999
7767,2002
18430,1985
19681,2003
1432,1995
16462,2004
18708,2003
9087,1998
10453,2001
10395,1990
10277,1990
3787,1997
14092,2002
18150,1995
13293,1986
15368,2006
8928,2001
1446,1997
9940,2001
12069,1997
13959,1989
10563,1997
1094,1989
11581,1999
3268,1998
16041,1994
6690,2003
1083,1994
2663,1998
4319,2004
6600,1999
5377,1988
9009,1995
16981,1988
14995,2004
13761,2001
9964,1989
1870,1998
11579,2002
17499,1993
1021,1994
4220,1992
6974,1998
9150,2007
9801,1997
4787,2001
9596,1994
11107,1995
8500,1999
8453,2003
131,1999
15242,1999
13850,2001
7661,2003
18229,1990
15636,1998
12996,1996
19957,1990
12159,1996
18860,2005
6577,2003
3261,2000
2168,1996
11951,2000
17395,1999
1556,1995
8396,1998
17839,1992
13994,1996
6832,1996
545,1995
10878,1993
12730,2005
17584,1993
5065,2006
10124,2002
11995,1999
8903,2003
7517,2003
2814,2006
18481,2000
7017,2002
2656,2000
4809,1999
13651,1996
1359,2001
13470,1994
5033,2005
19652,1986
9675,2004
14741,2005
18012,2000
11091,2001
14575,2003
12650,2001
10774,1997
11071,1996
5696,2001
16042,2000
17698,2004
6479,2000
461,1985
12787,2004
1551,1992
2909,2001
7105,1999
10282,1986
1459,1997
7005,1991
1204,1992
5513,2001
18520,2001
6898,2001
2958,1997
10266,1999
10580,1990
18277,2006
11330,1987
7998,2003
17680,2006
18866,1996
6051,1990
5400,2000
16906,2005
15076,1995
9969,1991
2976,1998
17732,2004
8765,1988
6460,1988
18151,2006
19239,2001
8609,2002
9784,2001
15457,1995
879,2002
3792,1997
19594,2002
17040,1998
18036,1986
14930,1992
15993,1988
5702,1991
1638,1993
19019,2001
5331,1993
2137,2005
7066,1983
19425,2001
17641,1996
18966,2002
5335,1994
15836,2001
14172,2003
17566,1999
2957,1997
5940,1996
2126,2002
16079,2001
3700,1999
16928,1998
6465,2003
5297,1999
19521,2006
9229,2004
17065,1994
3883,1995
11533,2003
4472,1992
8140,1997
15231,2006
17124,2002
2636,2000
17936,2003
3925,1986
11631,2001
10115,1996
5015,2005
795,2003
970,1989
12643,2005
2935,2003
165,1991
6392,2003
16659,2001
18625,1995
8207,2002
17337,2003
3933,1998
18427,1992
10034,1987
11052,2002
18259,2000
3794,1998
13913,2000
11580,1988
195,1987
10041,2002
9659,1997
5639,1999
92,1990
9781,1993
6957,2000
8872,1990
9813,1996
5753,2003
1591,1994
6004,2002
19962,1996
10621,1989
11887,2001
12598,2003
11521,1991
7666,2003
8127,1997
17066,2004
14694,1993
14146,2006
16748,2005
245,2001
2315,2003
11616,2003
307,2005
19540,1991
7551,1998
14931,2003
13537,2003
3437,1991
10671,2003
15147,1994
5040,1988
6491,1998
7079,1994
13827,1993
6537,1984
4616,2002
4350,2003
1748,1997
11609,2001
8573,2002
16856,1997
6744,1999
4080,1999
19992,1997
4192,2006
7911,2002
19725,1988
10686,1996
10077,1982
11994,2002
12458,1993
1656,2002
2667,1999
11048,2003
16837,2004
6613,2004
4549,2006
15925,2004
551,1999
10083,1995
8229,2003
5275,2002
1983,1993
9198,2004
6907,1991
6971,2002
13090,2002
11812,1997
18873,2005
13190,1999
9909,1997
13205,2002
1706,2005
12746,1981
13755,2002
6779,2004
5216,2000
19805,1999
19460,2004
8919,2000
9665,2001
3889,2001
3295,2001
14230,1998
15757,2005
15723,2006
12088,1987
18664,2005
19109,1998
5237,1994
617,2000
2888,2001
19884,2001
5055,2000
15491,2004
13009,1986
12624,1989
19833,2003
15691,2003
9881,2003
1489,2006
18008,1987
1293,2002
19219,1995
2325,1998
7276,1996
7670,2002
13178,1993
7120,2003
16607,2004
5069,2003
12852,1999
12212,2003
730,2003
17997,1991
1347,1995
622,1989
17990,1991
16261,1998
18381,1996
9538,2000
15032,1998
1685,2004
18549,1999
5754,2003
1375,1992
11283,1993
10642,1991
18367,1991
15347,1985
15205,1994
2372,2002
4137,1995
7582,2004
1840,1997
17291,2001
16127,2005
18509,2002
14473,2003
16051,2003
9480,2003
17975,2003
19222,1998
6275,1997
63,1995
6838,2001
6891,2001
3993,2001
9250,2001
12104,1994
9713,2003
819,1996
17657,1995
8572,1995
16104,1995
9488,2003
4038,1999
10493,1993
6380,1999
10340,1994
10682,2000
14519,1986
7061,1991
15588,2000
17889,1998
2960,1994
18626,2002
703,2000
9458,2001
7190,2005
6293,2005
8955,2005
15932,2005
16860,1996
6178,2005
18762,2001
2608,1990
12708,1993
14410,2005
18113,1990
7943,1998
17262,1986
3098,1999
9786,1993
8258,1997
7235,1990
8476,2001
3311,1998
8373,1999
16897,2000
7301,2004
12649,1996
19409,2003
8892,2001
13257,1993
8451,1998
18255,2002
15683,2002
7336,2005
9830,1998
2275,2006
13965,2001
7729,1997
16540,1987
10953,2002
13086,1998
3676,2001
16091,1995
378,1996
10908,2003
14245,1999
7177,1990
12953,2001
4578,1998
11086,2004
8153,1998
17445,1997
12396,1998
16524,1995
14584,1981
13557,1996
4463,1997
5659,1996
4850,1989
6647,1991
17572,1997
693,1998
7488,1986
3663,2005
11949,1983
15807,1997
17720,1996
13038,2004
16598,1996
15931,2003
9898,2002
16862,2001
3586,1994
17159,1999
3478,1987
6030,1994
2425,2002
3602,1986
11348,2000
12707,1991
1002,2000
13229,1993
1276,2000
7255,2000
11930,2002
3293,2003
13488,2004
19565,2000
18238,2000
2010,2006
8717,2001
8621,2003
951,2004
11751,2003
18334,1995
13528,1990
1561,1998
14725,2000
18170,1996
12109,2003
11488,2004
18667,1994
5926,1991
14497,1999
7351,2000
7896,2005
11060,1992
12122,1998
5158,1985
2162,1997
16336,2003
9880,2004
11145,2004
16219,1989
3472,2002
6737,1995
6700,2000
6482,1977
16914,1985
1884,2000
15759,2005
15117,1990
14292,1995
18182,1997
11528,1998
9341,1993
6244,2000
19130,2005
19482,1986
10176,1996
9246,1993
1118,2004
5209,2001
17321,2003
13553,1997
8800,2003
2996,2001
10714,1989
3067,2001
13251,1997
3056,1992
17305,2000
14046,2006
14639,1987
19370,1997
17511,2000
5697,1995
11376,2000
6711,2002
9642,1988
15889,1997
16071,1998
11643,2002
336,1999
13973,1991
8168,1992
13632,2000
3518,2003
16,1999
9584,1991
12594,2003
13426,2001
15003,1989
11492,1995
4864,2001
18616,1995
2761,2000
1228,1988
15997,1997
9727,2007
16788,2001
3735,2004
523,1991
8929,2005
8088,1994
6064,1989
4044,1994
13164,2001
2086,2000
13625,2003
1262,1974
7981,2002
18793,2002
6500,1991
9191,1992
851,1996
14754,2000
11452,1983
8481,1991
6208,1996
18672,2001
5797,2006
8855,2004
11774,1994
14356,1999
9767,1998
19210,1990
19441,2001
5005,1997
5019,2003
15487,2000
5390,1997
11690,1999
10529,1995
16725,2006
5888,1990
5598,1997
5939,2002
16938,2000
11442,1998
12028,2000
19097,1999
14031,2001
7978,1999
17597,1989
15935,1992
13295,2001
19344,1992
17460,2001
18604,2000
11305,1993
7012,2002
16846,2002
17118,2000
15092,1999
3160,2004
1539,2002
18245,2004
15315,2000
19423,1981
15095,2003
14314,1992
17919,2001
17338,1991
4013,1991
5586,2000
16266,1996
7077,2000
12930,2004
6801,2000
19432,1999
19492,2004
19079,2000
17929,2005
15857,1993
1949,1997
2201,2001
12747,2001
2906,2000
1799,2001
459,1990
15465,1999
6958,1995
19080,2002
18405,2003
7313,1999
9152,2006
4961,2000
9792,2003
18537,1988
7117,1991
8617,1991
7860,2002
4315,2005
1519,1999
6780,1986
12651,1995
6387,2002
19426,1991
8250,1998
12699,2006
18101,2003
9682,2000
18955,1997
13004,2001
7069,2003
2426,1998
15924,2001
1734,1991
1585,2000
19776,1988
16696,2007
19140,1992
5392,1999
1408,2003
2805,2001
7087,1999
4469,2005
16212,1999
721,1998
7903,2006
11936,1990
12089,2004
2449,2000
18993,1994
13393,2001
6049,1998
19669,1997
984,2002
12345,2002
120,1999
14972,2000
19177,2005
1117,1981
17785,1998
8383,2002
11742,2001
4920,1998
2291,2002
7910,2001
16988,2000
13436,2003
9378,1999
8430,1996
7623,1991
7954,2001
18547,1999
12224,1990
6078,1992
14875,2000
1240,2003
18771,2005
3911,1995
12378,2002
15172,1996
13005,1987
6010,1993
12698,1997
8612,1996
16457,2003
17615,2002
6368,1990
2432,2003
1358,1991
17187,2003
4555,1987
18645,1996
13438,2002
14038,2007
9772,1989
1708,1999
15439,2006
19983,1990
14065,2002
13514,2000
12776,1996
6084,1991
705,2006
7598,1999
4164,2004
13809,1990
15519,2001
11610,1998
797,1996
17486,1996
14191,2006
6406,2001
10516,1997
1780,1996
12209,2000
1893,1993
15771,1997
15525,2005
7762,2003
8495,1997
16053,1995
5231,2006
7280,1992
14596,1998
4404,1991
4270,1994
12550,2003
18300,1985
6415,1996
2214,1998
10153,2001
4050,1997
6109,1998
3710,2000
14462,2002
2914,1999
9228,1999
10893,2004
8956,2004
3556,1995
889,1987
4652,1993
16372,1999
2995,2001
3184,2003
9747,1998
3339,2000
12303,2000
17692,1996
12198,1984
15955,1989
6058,2000
13036,2004
5214,1984
6833,1993
18941,2006
8958,2001
13699,1994
1420,1999
16814,2001
7747,1991
17500,2001
1112,1991
16073,1997
13256,2001
9780,2002
14471,1995
6580,1988
9518,1995
16035,2002
12669,1991
12630,1993
12186,2006
17933,2001
3621,2005
6816,1996
14262,1993
18614,1991
12872,2004
16088,2000
13184,2003
14668,2003
1086,1997
16059,1994
4300,1986
10848,2000
7493,2002
12704,2004
19214,2002
11611,2004
1542,2004
8184,1997
17655,2004
15622,1998
12595,2001
8405,2002
9287,1988
7162,2000
14717,1997
19119,2005
2822,2004
19230,1986
14665,2002
17806,1999
18585,2003
3633,1995
14097,2000
6621,2005
5113,2001
5290,1997
11619,2001
6799,2001
6360,1988
3382,1999
11256,2003
3329,2003
2273,1996
3909,1996
15309,2003
8089,2000
17284,1991
289,2004
12183,2004
3801,2001
6169,2005
18544,2000
18852,2000
13771,2003
5720,2001
9444,1991
2607,2001
12520,1998
5799,2007
8777,2005
5315,1992
590,2000
13021,2002
16443,1996
10236,1994
7285,2003
11309,2001
4877,2005
2697,1999
6999,2006
19191,2004
19550,1992
8054,1994
12005,2002
17585,1999
18436,2005
7794,1987
17237,1993
4650,2005
84,1999
6513,2005
16552,1995
2348,1995
3296,1992
8942,2000
17987,1997
12964,2003
19635,1998
14288,2003
13168,2001
8372,2005
10030,2003
13012,2002
7678,2004
17300,1986
403,1999
4804,2001
19906,2006
12899,1995
10954,1994
9516,2002
8319,1997
658,1993
13672,1993
1105,2004
1738,2001
458,2005
17179,1999
18666,1997
4835,2000
7596,1990
9163,1999
9169,1990
19290,1999
5672,2004
5383,2001
4505,1998
9541,2003
10455,2004
3394,2003
8109,1990
18635,2002
9407,1988
7110,2000
16890,2001
544,2001
13582,1988
4717,1997
11005,2002
9968,2007
13468,2006
2256,2005
6069,1990
13338,2004
16920,1990
4063,2005
6809,1994
19415,1999
14137,2003
17455,1991
630,2000
11078,2005
11699,1988
4769,1982
1260,2001
3421,1998
3243,1996
8874,2001
11150,2000
11973,2002
13609,2002
14062,2006
14918,1989
14650,2001
9217,2004
4945,1996
8701,2004
17466,2005
4885,2006
6881,2001
7757,2005
9033,2003
17042,1983
5265,1998
14987,1988
14470,1998
6411,2001
16994,1993
10838,1999
14866,1993
18612,1990
4862,1995
16075,1986
8231,2002
19088,1997
5694,1998
1134,2002
10661,1983
13685,2002
4340,1990
12061,2003
4386,2004
9209,1999
8817,2001
1552,1998
557,1998
10816,1994
14970,2004
4971,2003
8222,2001
13527,1991
14704,1993
4793,2001
15140,1994
18474,1986
4248,1992
6177,1995
16311,2003
19601,1993
6144,1999
18515,2002
11782,1998
13940,1996
11813,2003
16721,2002
18989,1993
7387,2001
6810,1999
7818,2003
15467,2000
6384,1999
18267,1990
8786,1991
4521,2003
3310,2004
7094,2002
15175,1987
16935,2004
15875,2003
6722,1991
10477,1984
10365,2002
1091,1990
5250,1998
4950,1988
8072,1996
15370,2006
5527,2004
7980,1986
5950,1994
9641,1999
13261,1998
14797,2000
16244,1999
10531,2000
17210,2004
18746,1994
6243,2001
16871,2001
11847,2001
19546,2003
10163,1991
3541,2005
2313,1990
3051,2005
1697,2000
9236,2000
3182,2004
14832,1996
16963,1994
9692,1996
197,2008
261,1996
9859,2004
8301,2004
16169,1997
17901,2002
18637,2005
15979,1994
3546,1992
14045,1995
673,1992
6732,2000
13326,1988
9189,1996
9398,1990
13244,1998
7333,2000
11053,1985
2802,2002
12279,1997
1611,2003
17173,2001
14583,2003
10023,1991
11054,2000
5983,1993
15620,1992
18756,2004
15813,2002
19839,1997
14207,1997
17702,1986
15274,1993
836,2006
6390,1986
4963,2000
4733,1999
18332,2004
17381,2005
2729,2006
1109,1988
791,2002
17682,2005
6086,2003
342,2004
3564,2006
2801,1990
15419,2002
944,2003
13303,2003
10160,1996
8314,1992
14607,2004
6456,2003
6438,1997
19759,1996
2701,2007
225,2000
6872,2002
5679,2004
5944,1996
4797,1985
10874,2004
6155,2000
17713,2001
914,1990
2859,2004
1132,2000
14229,1997
8536,1996
6066,1999
15066,1998
5283,1989
12603,2003
4687,1999
11637,2005
12641,1999
10168,1989
17893,2005
8144,2003
8486,1998
3212,1998
10331,2003
19068,1996
10089,1996
3271,1998
9349,1997
2198,2006
17136,1986
18995,2003
18094,1997
16163,2007
4187,2008
10783,1989
17253,2001
8388,2005
1254,2003
1294,2005
10768,1999
6878,1993
5300,2007
10068,2001
211,2006
5485,2006
14382,2001
18631,2004
13225,1989
6157,1999
15701,1999
7396,1993
5038,1984
19101,1994
10195,2004
18227,1993
13033,2004
14601,1997
1450,1995
2083,2003
15230,1991
12752,1996
17988,2004
16086,2000
14436,2005
18353,2001
12652,1998
977,1997
15511,2003
16322,2004
1279,2001
7419,2004
5518,1998
8340,1999
4373,1989
18393,2003
6853,1998
2024,1994
13546,2004
7337,1998
1140,1996
9299,2006
10283,1993
13840,1987
3302,1989
7347,1992
18750,1997
17423,2005
19553,2001
651,1981
8480,1996
16094,1988
19244,1993
15427,1994
10820,1986
17879,2003
14287,2005
14521,2003
12703,1995
2125,2004
10426,1983
7839,2001
1668,2002
17870,1993
6619,1990
7155,2003
5775,1999
1874,2002
11197,2007
19695,1998
12256,2000
9673,2004
4572,1995
17976,2005
19105,1986
8412,1998
17978,1995
6548,1994
15864,2006
7201,2000
16230,2003
4263,2006
1319,2002
18065,2005
292,2003
19175,1992
1834,1985
580,1999
14208,2002
2017,2001
13935,2002
16394,1992
11147,2003
2769,2002
14335,1992
15663,2002
11100,2004
16650,1999
3428,2006
17559,2000
2703,1999
7236,1995
12269,1989
15915,2005
5413,1987
857,1992
10832,1991
10525,2000
13083,2004
1456,1999
16939,1998
18404,2004
19364,2002
7137,1992
1414,2002
6594,2003
13217,2002
7999,2003
298,1997
16061,1998
7572,2006
10293,1984
2471,2001
8868,1995
19112,1995
16772,1991
8326,2002
10233,2003
29,1999
16243,1999
7709,2002
19797,1997
8825,2004
5868,2001
8182,1981
19264,2006
15682,2003
8075,1993
13443,1985
15718,1998
11104,1992
12301,1994
7617,2004
3520,1997
2386,1988
2922,1999
10414,2003
19679,2002
18437,2001
6868,1995
13353,2000
12320,2000
11840,1990
7290,1997
7265,2003
17372,2001
11811,1994
3013,1979
10633,1995
9519,1996
5046,2003
3100,1995
11676,1990
13299,1995
11232,2004
15077,2004
6056,1993
12390,2003
4981,1990
16728,2002
5896,2006
1445,2003
18591,2007
3469,2003
4019,1994
5148,2005
4703,2004
12124,1997
12685,1995
6187,1993
2611,2000
9986,2003
4171,1997
16222,1992
10659,2001
16670,1993
12644,1999
18426,2001
11194,1992
8853,1999
5962,1993
15490,1997
6435,1990
3398,2004
14965,1999
14040,1996
12216,1990
3869,1992
14633,1997
4344,1992
15308,1994
4324,2006
7127,2004
4827,1999
17914,2000
19021,2001
12722,1989
7601,2004
2176,1988
12895,1984
10044,2002
6666,2000
11793,2001
1463,1998
8333,1997
12047,2003
18773,2000
9856,2001
10086,2000
1166,1994
12617,2001
3414,1999
9897,2000
18826,2004
6735,2000
19572,1989
3001,1997
3276,2004
19054,2001
359,2002
6349,2000
9843,2001
13400,2006
4131,1992
19641,1990
559,1992
4103,2006
8725,2005
6813,1994
1859,1993
6179,2004
16335,1999
12456,2004
4372,1994
15075,1996
4082,2004
17180,2004
17133,2003
15529,2004
18670,1997
155,1990
19629,2007
5877,2000
19139,1974
13040,1983
5959,1999
14572,1999
4595,2003
2817,2003
732,1999
154,2003
6651,2004
14397,1989
15040,2005
8864,2005
7869,2000
11625,2004
10070,1998
12324,1994
4150,1997
18920,2001
4023,1996
14744,2004
1315,1994
9256,2002
901,2004
5471,1991
12337,2007
16099,1997
4133,1999
5078,2004
5458,1998
8601,1988
14644,1992
12463,1995
16993,2000
3154,2001
16975,1997
14271,2001
18516,2002
11961,1993
11395,2003
17072,1989
4457,2003
14724,1999
15258,1988
12533,1990
4967,1999
7780,2001
16146,1996
10197,1986
4635,1986
2904,1993
1498,2004
17411,2003
9920,1999
18307,2002
6672,1998
9865,2003
3404,1997
19889,1989
1584,2005
17852,1996
18215,2006
11516,2001
281,2000
4034,2007
9026,2000
10517,1979
13023,2000
8840,1998
14264,1996
18649,2000
11719,2000
11771,2003
3495,2006
2825,1992
7524,1989
10850,1996
14703,1990
14016,1997
11682,1990
19790,2000
19770,2006
16889,2001
5428,2004
5268,1988
11659,2004
4046,1995
17522,2002
7086,2002
6886,1995
13433,2001
5640,2001
5330,1994
18877,1998
6950,2000
9185,2001
10026,2000
9749,2003
15228,2005
2378,1984
14772,2004
5261,2002
11381,2003
446,2002
44,2001
13447,1997
5424,2002
12676,1997
4817,1996
16508,1996
12042,2004
15245,2000
17772,2001
2068,1992
9441,1998
10773,2003
12751,2005
8616,1999
13070,2002
3225,1990
18458,2001
578,1993
12493,2002
489,1999
11544,1994
3941,2004
7663,2000
4497,1996
469,2001
17557,1978
193,2005
2093,2002
10141,2004
1409,1986
12536,2002
16599,2004
16973,1985
10581,1996
12006,1989
8875,2003
3779,1988
7178,1990
4473,2001
7326,1997
6770,2004
5501,1986
18484,1994
4892,2000
16247,2004
14692,1984
10082,2001
3907,1995
8435,2002
7588,2002
17038,1994
14551,2000
14577,1994
2495,1995
17656,2007
3224,2004
15628,1988
5655,1996
4353,2001
13079,2003
4647,2006
17962,1994
16499,1996
12682,1991
10459,2000
16314,1989
3440,2004
3590,2003
3814,1992
5220,2001
17083,2001
13084,2000
1351,1997
13691,1993
8676,2004
5616,2001
18627,1994
2950,1994
2230,2006
16484,2003
5007,2002
12616,2001
19089,1999
16286,1993
4762,2001
4921,1993
7329,2004
14361,1987
19909,1993
14746,1995
12540,1998
12941,2001
8268,1995
4123,2004
16057,2006
1078,2007
10675,1993
18357,2003
3796,1999
6468,2004
16921,1993
94,2002
12599,2002
4127,2002
11399,2005
916,2002
17324,1997
2716,2001
2970,2003
14655,2005
16888,1991
6477,2000
5346,1982
2344,2003
6361,1994
12237,2005
17184,1993
5425,1992
18143,2001
14539,2003
15772,1990
7124,2001
2928,2005
649,2004
14652,1993
4510,2004
15134,1999
12445,2002
32,1996
19863,1999
3865,2002
17654,1995
18243,1981
13028,2001
14638,1990
12903,2005
19065,1993
14720,1995
11225,2000
6089,2002
6657,2000
2593,1997
5934,2002
5438,1987
15423,1987
6655,1990
5734,2004
8746,2002
17963,2001
15586,2001
4057,1990
1579,1994
18800,1993
15596,2004
1946,1997
13406,1999
7031,2001
15039,2005
18915,1995
5240,1996
15872,2001
2389,2002
5854,1998
7437,2002
14317,1994
15512,2005
3253,2000
3015,2003
14957,2006
3307,1981
18990,1995
15713,1985
15841,2000
17982,2005
3109,2000
6077,2001
3887,1990
1740,1988
5319,1995
17248,1986
15383,1994
4729,2003
7717,2008
6499,1990
14068,2004
4956,1992
11622,1988
4812,2003
19026,2004
12123,2003
16132,2004
11382,2007
11761,1996
19883,2004
5984,2002
561,1981
4125,1993
4042,2003
10835,1993
1857,2003
7593,2005
15235,1993
15035,2000
16724,2003
17175,1990
4258,2002
17825,1991
13654,1992
17812,2005
6608,1992
18188,1985
12739,2002
17741,2000
19678,2002
7154,2005
11932,1997
12270,1998
3287,2002
12862,1999
2278,1990
5792,1993
2552,1997
10961,2002
16517,2008
16984,1998
11846,1984
1503,1998
9885,1990
15541,2001
18953,2000
12876,1992
10991,1997
16840,2006
10076,1996
18026,1988
12103,2002
12134,1998
5154,1996
9131,2004
200,1997
67,2000
14498,2004
11567,1999
10666,2000
17674,1987
13944,1997
11187,1990
2261,2005
16990,1995
11592,2002
11940,1999
4823,2001
7034,1990
14020,1994
9922,2007
8357,2004
18030,2004
19716,2000
4710,2003
1191,2002
4232,1999
14936,1995
8662,1997
11120,1986
15862,1993
1922,1994
19769,1992
4004,2005
14578,1988
12790,2005
19488,2003
3468,1993
19726,1997
17199,2000
4947,1992
2709,2001
2678,2000
5878,2003
12349,2000
10582,2003
2574,2001
17163,1996
19300,1998
15606,2000
19349,1990
2942,1989
18492,1998
8356,2005
1377,1999
13457,1998
17673,1999
5260,1997
16055,2002
7222,2002
5244,1997
19650,2001
2140,1977
870,2002
1045,1995
6434,2000
19974,2004
15953,1996
8295,2001
965,2006
4796,1998
3697,1996
5853,1998
17931,1999
16532,1992
19683,1990
4631,1989
11481,1998
17533,2000
13750,2006
16576,1997
14863,2002
4551,1996
1205,1991
7472,1991
1600,1985
8707,1993
4646,1989
7632,2000
14757,2004
13618,1985
15870,1993
10655,1997
12608,1990
17397,2003
4194,2003
4538,2001
6709,2001
11294,1998
4818,1995
18201,2001
2182,1991
12031,1999
17437,2004
3188,2003
15,1987
14472,2001
8576,2005
11280,1990
18523,1988
1497,1991
12266,2006
9603,1994
18849,2005
5083,2002
19538,2000
5991,2003
6264,2003
2641,2001
10347,2006
9644,1999
8313,2004
10622,2000
12551,1992
16125,2002
444,1991
265,2000
4583,2004
13646,1998
19305,1990
19822,2005
2742,2002
5883,1994
19671,1997
19013,2003
1753,1999
3675,2002
12817,1998
731,1988
5348,1990
7725,2003
19736,2007
18440,2006
8526,1999
1777,1991
15961,1988
13043,2002
18841,2001
11759,2004
2105,2004
5183,2001
11475,2001
12281,1996
10314,2003
1750,2004
8884,1985
11089,1996
13610,1998
15963,1995
13941,2005
535,1994
1336,1989
12499,2000
9164,1999
12750,1986
5695,1998
4798,2003
12094,1985
6811,2003
19267,2004
410,2002
4387,2004
3982,2004
10456,2000
9092,2001
11221,2000
12357,2002
16849,1995
1061,1991
12020,2002
10641,1994
8600,2000
4742,2000
865,2006
2224,1999
13006,1999
19708,1997
7316,1987
5669,1997
13128,1987
7330,2006
8731,1987
5688,1998
18690,1990
15679,2000
15705,1996
18284,2005
2172,2000
14236,1984
10090,1989
16864,2002
4562,1996
3971,1995
12905,2004
13269,2002
11968,2003
11666,1995
18726,2003
9670,1995
19782,2003
15994,2003
4290,2001
5420,1993
16913,2001
19171,1986
7562,1986
14841,2002
6808,1996
2262,2003
4158,2002
1735,2005
18543,2005
13588,1998
18647,2005
3101,1990
11691,2000
1248,2002
6762,1999
12260,1994
2762,2002
11939,1992
1416,2003
17094,2003
16176,2003
407,2004
1769,2004
1639,2001
14980,2003
363,1997
19287,1990
11360,2005
19534,2003
11062,1991
3960,1997
8516,2003
639,2005
1175,2000
1393,2003
17110,2003
17271,2005
5108,1997
1310,1999
17249,1998
15143,1998
15919,2003
10220,1999
3770,2001
16174,1994
2122,1998
6498,2005
11929,1988
1169,2003
12866,2005
1011,1995
18301,2004
12422,1996
17422,1995
1662,1993
2232,1994
10080,2004
18408,1994
18624,2003
9839,2003
14642,1991
12353,2002
4575,2000
4534,1998
18745,1994
5453,2004
7625,1991
18744,1998
10066,2003
10373,1981
2388,1999
5144,1991
10501,2006
14142,1987
6745,1991
10210,1986
9798,1998
14565,2004
19411,2003
7319,1999
5372,1997
16315,1995
12217,2002
4450,2003
11210,2002
12162,1984
156,1996
5886,1999
8160,2004
19955,1992
6202,2000
3034,2001
12597,2004
11088,2002
15675,2006
11923,2004
6459,1985
5675,2001
718,2003
18611,1993
3562,2002
2127,2002
5849,2005
8995,1995
12745,2005
7305,1999
2270,1989
847,2001
11230,2000
7512,2007
10438,2002
7059,2003
11499,1999
2461,2005
6164,2002
3584,1996
18450,2004
11247,2001
9073,2006
5961,2005
10972,1996
4214,2005
4860,1992
19662,2001
10007,1998
21,1990
136,2000
8081,2002
19206,1998
4434,2005
7961,2000
13149,1998
784,1999
15332,1987
12424,2002
15481,1999
2326,2005
5561,2000
2869,1992
6528,1999
17905,1987
1178,2002
5703,2002
10125,1996
8531,2006
16942,2000
153,1999
10280,2000
1119,2004
9861,1997
2714,1994
4532,1985
2865,2005
1936,1998
14147,1990
13696,2001
7083,2004
8371,2000
650,2005
15828,1985
17799,2003
1589,1997
18195,2006
5132,1988
6092,2002
4848,2005
15320,2001
5772,2006
13066,1995
108,1994
11799,1998
19048,1991
12440,2000
18640,1996
11542,2000
5122,1993
19600,2002
7156,2003
12865,2000
528,2004
9714,1998
14966,1987
5110,2005
14614,2003
4021,2004
18633,1990
13394,2004
10284,2005
13496,1983
19948,1994
17570,2001
2844,2005
2723,2000
2673,1994
7883,2004
573,1993
7133,2003
12606,1998
11578,2006
1338,1999
2868,2001
8727,2004
15788,2001
6527,2004
17014,1998
13337,2003
16847,2002
6559,2002
2303,1997
4481,2006
18146,2003
17840,1994
240,1998
15201,1988
4709,1997
16164,2003
19516,1994
12926,1992
6311,1989
3491,1985
11218,2004
13870,1993
15591,2006
15879,1990
11975,1997
1765,1997
15654,1991
19622,1991
15010,2001
13305,1993
11589,2000
8856,2001
3654,2002
6112,1999
925,1991
18894,1991
7925,1993
6508,2003
8522,2001
14373,1992
7822,1991
7111,1996
17813,1995
11310,1995
13914,2006
10006,2008
15726,1996
13411,2002
6146,2000
19835,2004
14617,1998
7752,1992
4101,1999
11324,1998
4093,2001
3340,2001
11987,1999
9186,2000
18998,2000
11525,2003
2373,1991
5704,2001
5859,2000
18933,1989
18720,1990
9371,1997
11289,2003
8567,1993
3751,1996
4895,2002
16279,2006
5270,2002
17935,1994
14722,1998
14476,2003
8274,2002
18387,2002
4048,2001
15945,2004
11069,2000
1520,2004
19213,2000
9771,2000
11498,1989
14897,1985
13343,1984
16809,2003
16555,2005
11212,1994
14159,1994
13808,1986
11725,2004
1553,2005
12177,2001
14263,1994
16863,1986
6807,1997
11915,1992
2614,1990
19990,1992
460,1997
5490,2000
2803,1989
2763,1994
18801,2003
9630,1987
18376,1992
15461,2001
2222,1996
11000,1992
8304,1996
14800,2003
6079,1989
16028,2003
1522,2002
15980,1999
7368,2007
3980,1994
14624,1995
10802,1989
4444,1999
15630,2002
5422,1998
4898,1989
19028,2003
7410,2004
810,1993
3959,2000
12686,2004
16638,2001
15060,1991
14567,1997
9959,2002
967,1996
798,1993
8048,1998
19083,2002
1195,2003
16376,1993
5705,2004
13677,1993
7244,1997
11299,1993
16887,2000
3155,1998
3187,1999
16531,2000
8721,1996
846,1997
12785,1994
6271,1993
3470,2002
10226,2000
5320,2000
15277,1997
8142,2000
18200,1990
1043,1999
16081,2001
10702,1999
2595,1989
4744,1991
19052,2004
13215,1992
11856,2005
13854,2004
1880,2005
8688,2002
4204,2002
2112,2005
2031,2002
18272,2008
14059,1988
9100,2000
6,1999
15910,1999
16795,1997
10143,1992
2090,2003
4203,2005
18156,1991
14395,1985
18499,1995
14446,1999
5743,1992
3745,2003
466,2001
3110,2003
8038,2002
15343,1997
16204,2003
11874,2005
6273,1995
13767,2002
6407,1999
8667,1985
4066,2005
12350,2007
18921,2002
14678,2001
17767,2004
8920,1989
3877,1998
16180,2006
12468,2000
5210,2005
18070,2003
4732,2001
13923,1993
3389,1999
18147,1999
15970,2003
19102,1994
1475,1987
8851,2003
13002,1996
181,1994
16272,2007
10982,2000
5215,1997
190,1992
457,2001
17152,2002
7489,1993
10494,1998
6019,2002
1222,1993
936,1996
5056,2000
18469,2001
10482,2002
2949,1999
10707,1980
19212,2003
7649,2003
1775,1999
1040,1997
3527,2004
14309,2005
11111,1985
12798,1995
12902,2001
18558,1998
11546,2000
938,2002
17993,1995
7690,2001
6357,2005
588,2005
13895,1999
13513,2002
19256,1999
15890,2002
15132,2000
6324,2004
4669,2003
5068,2002
13735,1996
12197,1996
3378,2003
8174,2002
11574,1998
16413,1993
3104,1993
994,2004
17376,1994
1201,2005
13547,1996
10577,1985
19986,2004
1832,2001
3989,2005
16225,2000
3512,1992
17695,1997
19699,2002
14991,1994
3095,1998
8826,1993
14352,2001
2943,1987
12625,2002
1543,2001
1188,2001
2910,2004
12142,1997
5252,2006
16827,1994
11495,1996
17365,2002
3342,2002
8097,2006
18473,2003
12743,2006
5245,1991
9460,1990
10303,2004
18253,1994
310,1991
8605,1992
1810,1986
15989,1998
4766,1994
6158,2004
6194,1989
1500,1998
1677,2003
16769,1996
2041,2003
12826,1994
5302,1991
5623,2004
5560,2004
17916,1987
12559,1997
15138,1999
6972,2004
6729,2005
13540,1999
3788,2002
6166,1997
5353,1987
18205,2001
3554,2002
16454,2003
2133,1998
19700,1999
2195,2001
18684,1994
12484,1998
13253,1998
18598,2001
15568,2003
2424,2001
662,1992
5099,2002
14443,2000
9035,1995
2252,2002
9753,2001
7850,1994
14496,2002
4052,1990
13195,2001
8408,2002
6519,2002
9304,1997
928,2005
1931,1999
5638,1996
9996,1995
13964,2001
12547,2003
3132,2005
16186,2001
5510,1996
15815,1978
6012,2005
9077,2000
13727,1999
11290,1994
18925,2002
1334,1987
10024,2004
18602,1996
15760,2004
4748,1998
7076,1996
15145,2001
7451,1996
8758,2003
9046,2002
1700,2004
1632,2003
8014,2006
6396,2001
7203,2005
13988,1993
9276,2001
19431,1999
5680,1996
1290,2002
13311,2002
17358,2004
19467,1997
17547,1999
15426,1993
4095,2002
3730,2004
7081,2002
9979,2003
10781,2000
9139,1998
10669,2004
73,2003
3258,2002
16904,1989
18767,2005
500,1995
18566,2002
9719,1996
9888,1985
2543,2004
5032,2001
50,2006
3158,2004
8210,2002
3047,1999
15638,1996
2691,1988
16582,1994
4437,2004
396,1987
14604,1995
12629,1983
17323,1998
8265,2004
13327,2006
8018,1999
14337,2004
5969,2004
8837,1996
11277,1990
19568,2005
17344,2001
14869,2005
14252,2003
3946,2001
9090,2002
9190,1997
4119,1996
4455,2001
14138,2005
206,1993
3843,1999
13894,1993
17583,1996
9824,2004
5502,2001
7274,2002
9043,1992
14060,2001
11740,2003
3749,1997
4727,2002
10910,2006
17032,2002
6000,1996
12959,1999
14129,2006
10538,2003
12526,1988
2683,1998
3409,1977
13102,1998
6789,2005
19528,1990
17058,1999
5661,1985
332,1991
19430,1995
16509,1996
4132,1988
14266,1978
15774,2006
19656,1990
9493,1993
9967,2005
17367,2005
6861,1987
13613,1999
2249,2004
6085,1999
16960,1991
8709,2003
15681,2000
13199,1994
9481,1999
7283,2001
9359,2004
6599,2003
5658,1980
14457,1998
14441,2001
52,1989
305,2003
13837,1989
11596,2004
12038,1989
5259,2005
18075,1987
5432,2003
11792,2003
2184,2002
3400,1999
10381,2004
12850,2002
19126,1994
12294,2005
644,1997
16306,2005
330,2005
10586,2005
10209,1996
5340,1999
4088,1991
7206,2000
19241,1999
11244,1983
12892,2002
2823,1995
7842,1999
10895,2004
12286,1997
1383,1989
11464,1999
6375,2003
2455,2001
10085,2004
17216,1991
18573,2003
5862,2000
12404,1986
16916,2005
1737,1981
16707,1990
15493,2000
19073,2003
17907,1999
11519,1992
6147,1992
9938,1999
16392,1996
7782,1996
11453,1997
8248,2003
3598,1994
18431,2004
758,1990
3326,1996
280,1998
16589,1993
16793,2000
4750,2002
10142,2003
69,2002
2715,2002
17285,2001
19279,2002
16445,2001
5624,2002
9491,2002
18855,2004
19982,1991
6346,2004
10807,1992
11909,1983
6223,1999
11704,2000
334,2006
2293,2003
18242,2005
11732,2003
19495,2004
16979,2004
1308,1998
11713,1999
3321,1994
6750,2004
11346,1990
15470,1982
4156,1981
4675,1992
5009,1986
668,2004
3423,2002
109,2001
3221,2000
10949,2004
972,1990
12492,2003
14033,2000
9847,2005
19938,2003
12111,1983
17999,1994
5929,2000
15293,2001
7469,1991
6586,1984
17875,1987
17290,1995
